Tournament,Date,Winner,Loser,AvgW,AvgL
ASB Classic,2020-01-06,Kasatkina D.,Suarez Navarro C.,1.61,2.3
ASB Classic,2020-01-06,Pegula J.,Bellis C.,2.41,1.56
ASB Classic,2020-01-06,Garcia C.,Townsend T.,1.94,1.85
ASB Classic,2020-01-06,Zidansek T.,Peterson R.,3.29,1.33
ASB Classic,2020-01-06,Teichmann J.,Ivanov V.,1.06,9.42
ASB Classic,2020-01-06,Gauff C.,Kuzmova V.,1.68,2.16
ASB Classic,2020-01-06,Bouchard E.,Flipkens K.,2.72,1.45
ASB Classic,2020-01-07,Martic P.,Arconada U.M.,1.19,4.62
ASB Classic,2020-01-07,Cornet A.,Bonaventure Y.,1.54,2.45
ASB Classic,2020-01-07,Anisimova A.,Kozlova K.,1.25,3.86
ASB Classic,2020-01-07,Williams S.,Giorgi C.,1.22,4.21
ASB Classic,2020-01-07,Siegemund L.,Mcnally C.,2.05,1.75
ASB Classic,2020-01-07,Mchale C.,Li A.,2.42,1.55
ASB Classic,2020-01-07,Wozniacki C.,Hourigan P.M.,1.02,15.27
ASB Classic,2020-01-07,Davis L.,Lepchenko V.,1.64,2.23
ASB Classic,2020-01-07,Goerges J.,Minnen G.,1.59,2.33
ASB Classic,2020-01-08,Cornet A.,Martic P.,2.63,1.48
ASB Classic,2020-01-08,Pegula J.,Zidansek T.,1.57,2.38
ASB Classic,2020-01-08,Bouchard E.,Garcia C.,2.61,1.49
ASB Classic,2020-01-08,Anisimova A.,Kasatkina D.,1.46,2.68
ASB Classic,2020-01-09,Siegemund L.,Gauff C.,2.83,1.42
ASB Classic,2020-01-09,Williams S.,Mchale C.,1.1,7.08
ASB Classic,2020-01-09,Goerges J.,Teichmann J.,1.29,3.56
ASB Classic,2020-01-09,Wozniacki C.,Davis L.,1.29,3.55
ASB Classic,2020-01-10,Pegula J.,Cornet A.,2.04,1.77
ASB Classic,2020-01-10,Williams S.,Siegemund L.,1.1,7.07
ASB Classic,2020-01-10,Wozniacki C.,Goerges J.,2.08,1.74
ASB Classic,2020-01-10,Anisimova A.,Bouchard E.,1.28,3.66
ASB Classic,2020-01-11,Pegula J.,Wozniacki C.,3.56,1.29
ASB Classic,2020-01-11,Williams S.,Anisimova A.,1.36,3.1
ASB Classic,2020-01-12,Williams S.,Pegula J.,1.13,5.86
Brisbane International,2020-01-06,Strycova B.,Konta J.,2.64,1.48
Brisbane International,2020-01-06,Kenin S.,Sevastova A.,1.44,2.78
Brisbane International,2020-01-06,Riske A.,Muchova K.,2.56,1.5
Brisbane International,2020-01-06,Stosur S.,Kerber A.,3.96,1.24
Brisbane International,2020-01-06,Tomljanovic A.,Hon P.,1.44,2.74
Brisbane International,2020-01-06,Collins D.,Svitolina E.,5.56,1.14
Brisbane International,2020-01-07,Keys M.,Bouzkova M.,1.4,2.92
Brisbane International,2020-01-07,Samsonova L.,Stephens S.,2.35,1.58
Brisbane International,2020-01-07,Putintseva Y.,Vekic D.,2.37,1.58
Brisbane International,2020-01-07,Osaka N.,Sakkari M.,1.31,3.41
Brisbane International,2020-01-07,Kontaveit A.,Hsieh S.W.,1.69,2.15
Brisbane International,2020-01-07,Bertens K.,Yastremska D.,1.76,2.04
Brisbane International,2020-01-07,Kvitova P.,Pavlyuchenkova A.,1.41,2.89
Brisbane International,2020-01-07,Brady J.,Sharapova M.,1.95,1.85
Brisbane International,2020-01-08,Riske A.,Strycova B.,1.57,2.39
Brisbane International,2020-01-08,Collins D.,Putintseva Y.,2.01,1.79
Brisbane International,2020-01-08,Keys M.,Stosur S.,1.24,4.01
Brisbane International,2020-01-09,Brady J.,Barty A.,4.46,1.2
Brisbane International,2020-01-09,Pliskova Ka.,Tomljanovic A.,1.23,4.16
Brisbane International,2020-01-09,Kvitova P.,Samsonova L.,1.17,5.04
Brisbane International,2020-01-09,Osaka N.,Kenin S.,1.55,2.44
Brisbane International,2020-01-09,Bertens K.,Kontaveit A.,1.71,2.11
Brisbane International,2020-01-10,Keys M.,Collins D.,1.7,2.13
Brisbane International,2020-01-10,Kvitova P.,Brady J.,1.44,2.76
Brisbane International,2020-01-10,Osaka N.,Bertens K.,1.38,3.02
Brisbane International,2020-01-10,Pliskova Ka.,Riske A.,1.33,3.28
Brisbane International,2020-01-11,Keys M.,Kvitova P.,2.13,1.71
Brisbane International,2020-01-11,Pliskova Ka.,Osaka N.,2.39,1.57
Brisbane International,2020-01-12,Pliskova Ka.,Keys M.,1.8,2.01
Shenzhen Open,2020-01-05,Mertens E.,Tsurenko L.,1.2,4.47
Shenzhen Open,2020-01-05,Wang Xiy.,Cirstea S.,2.09,1.73
Shenzhen Open,2020-01-05,Bondarenko K.,Doi M.,2.72,1.45
Shenzhen Open,2020-01-05,Alexandrova E.,Siniakova K.,1.52,2.5
Shenzhen Open,2020-01-05,Zhang S.,Linette M.,1.64,2.23
Shenzhen Open,2020-01-05,Wang Yaf.,Sorribes Tormo S.,1.46,2.68
Shenzhen Open,2020-01-06,Sabalenka A.,Gasparyan M.,1.23,4.06
Shenzhen Open,2020-01-06,Rogers S.,Gibbs N.,2.17,1.67
Shenzhen Open,2020-01-06,Rybakina E.,Zheng S.,1.96,1.83
Shenzhen Open,2020-01-06,Muguruza G.,Wang Xin.,1.28,3.63
Shenzhen Open,2020-01-06,Pliskova Kr.,Begu I.,1.87,1.92
Shenzhen Open,2020-01-06,Sasnovich A.,Friedsam A.L.,1.96,1.84
Shenzhen Open,2020-01-06,Wang Q.,Jabeur O.,1.56,2.41
Shenzhen Open,2020-01-06,Peng S.,Zhu L.,1.88,1.91
Shenzhen Open,2020-01-07,Blinkova A.,Bencic B.,2.75,1.44
Shenzhen Open,2020-01-07,Diyas Z.,Duan Y.Y.,1.22,4.28
Shenzhen Open,2020-01-07,Bondarenko K.,Zhang S.,4.35,1.21
Shenzhen Open,2020-01-07,Pliskova Kr.,Sabalenka A.,4.43,1.2
Shenzhen Open,2020-01-07,Mertens E.,Wang Xiy.,1.19,4.68
Shenzhen Open,2020-01-07,Rybakina E.,Wang Yaf.,1.87,1.92
Shenzhen Open,2020-01-08,Diyas Z.,Blinkova A.,1.99,1.81
Shenzhen Open,2020-01-08,Muguruza G.,Rogers S.,1.43,2.78
Shenzhen Open,2020-01-08,Alexandrova E.,Peng S.,1.44,2.77
Shenzhen Open,2020-01-08,Wang Q.,Sasnovich A.,1.65,2.21
Shenzhen Open,2020-01-09,Muguruza G.,Diyas Z.,1.48,2.62
Shenzhen Open,2020-01-09,Alexandrova E.,Wang Q.,1.7,2.17
Shenzhen Open,2020-01-09,Rybakina E.,Mertens E.,2.7,1.46
Shenzhen Open,2020-01-09,Pliskova Kr.,Bondarenko K.,1.67,2.2
Shenzhen Open,2020-01-10,Alexandrova E.,Muguruza G.,1.8,2.0
Shenzhen Open,2020-01-10,Rybakina E.,Pliskova Kr.,1.59,2.34
Shenzhen Open,2020-01-11,Alexandrova E.,Rybakina E.,1.61,2.3
Adelaide International,2020-01-13,Pavlyuchenkova A.,Kontaveit A.,2.34,1.59
Adelaide International,2020-01-13,Tomljanovic A.,Putintseva Y.,2.34,1.58
Adelaide International,2020-01-13,Vekic D.,Sevastova A.,1.85,1.93
Adelaide International,2020-01-13,Bencic B.,Kasatkina D.,1.65,2.23
Adelaide International,2020-01-13,Collins D.,Sasnovich A.,1.95,1.85
Adelaide International,2020-01-13,Kenin S.,Golubic V.,1.28,3.67
Adelaide International,2020-01-13,Yastremska D.,Babos T.,1.32,3.34
Adelaide International,2020-01-13,Kerber A.,Wang Q.,1.86,1.92
Adelaide International,2020-01-14,Sakkari M.,Diatchenko V.,1.37,3.05
Adelaide International,2020-01-14,Rodionova Ar.,Stephens S.,2.37,1.57
Adelaide International,2020-01-14,Vondrousova M.,Maria T.,1.61,2.29
Adelaide International,2020-01-14,Pera B.,Strycova B.,1.86,1.93
Adelaide International,2020-01-14,Goerges J.,Hon P.,1.35,3.15
Adelaide International,2020-01-14,Sabalenka A.,Hsieh S.W.,1.43,2.77
Adelaide International,2020-01-14,Barty A.,Pavlyuchenkova A.,1.43,2.79
Adelaide International,2020-01-14,Halep S.,Tomljanovic A.,1.4,2.89
Adelaide International,2020-01-15,Vekic D.,Sakkari M.,1.79,2.01
Adelaide International,2020-01-15,Kerber A.,Yastremska D.,2.07,1.74
Adelaide International,2020-01-15,Collins D.,Kenin S.,2.27,1.63
Adelaide International,2020-01-15,Sabalenka A.,Pera B.,1.36,3.07
Adelaide International,2020-01-15,Vondrousova M.,Rodionova Ar.,1.38,3.0
Adelaide International,2020-01-15,Bencic B.,Goerges J.,1.8,2.0
Adelaide International,2020-01-16,Yastremska D.,Vekic D.,1.61,2.31
Adelaide International,2020-01-16,Sabalenka A.,Halep S.,1.98,1.82
Adelaide International,2020-01-16,Collins D.,Bencic B.,1.8,2.0
Adelaide International,2020-01-16,Barty A.,Vondrousova M.,1.49,2.6
Adelaide International,2020-01-17,Yastremska D.,Sabalenka A.,2.01,1.8
Adelaide International,2020-01-17,Barty A.,Collins D.,1.45,2.72
Adelaide International,2020-01-18,Barty A.,Yastremska D.,1.54,2.47
Hobart International,2020-01-13,Kozlova K.,Sorribes Tormo S.,1.73,2.09
Hobart International,2020-01-13,Davis L.,Sharma A.,1.42,2.81
Hobart International,2020-01-13,Watson H.,Teichmann J.,1.51,2.53
Hobart International,2020-01-13,Peterson R.,Ferro F.,1.33,3.23
Hobart International,2020-01-13,Linette M.,Kuznetsova S.,1.99,1.81
Hobart International,2020-01-13,Kuzmova V.,Zhu L.,2.31,1.6
Hobart International,2020-01-13,Kudermetova V.,Stosur S.,1.44,2.72
Hobart International,2020-01-13,Pliskova Kr.,Stojanovic N.,1.52,2.43
Hobart International,2020-01-14,Bellis C.,Bouzkova M.,2.29,1.61
Hobart International,2020-01-14,Jabeur O.,Blinkova A.,2.32,1.6
Hobart International,2020-01-14,Cabrera L.,Garcia C.,2.74,1.44
Hobart International,2020-01-14,Cornet A.,Van Uytvanck A.,2.07,1.74
Hobart International,2020-01-14,Zhang S.,Flipkens K.,1.5,2.57
Hobart International,2020-01-14,Muguruza G.,Wang Yaf.,1.44,2.76
Hobart International,2020-01-14,Mertens E.,Mchale C.,1.33,3.23
Hobart International,2020-01-14,Rybakina E.,Zidansek T.,1.37,3.05
Hobart International,2020-01-15,Kudermetova V.,Bellis C.,1.49,2.6
Hobart International,2020-01-15,Cabrera L.,Pliskova Kr.,2.57,1.5
Hobart International,2020-01-15,Davis L.,Linette M.,2.27,1.62
Hobart International,2020-01-15,Muguruza G.,Jabeur O.,1.44,2.74
Hobart International,2020-01-15,Zhang S.,Kozlova K.,1.64,2.24
Hobart International,2020-01-15,Rybakina E.,Cornet A.,1.53,2.47
Hobart International,2020-01-15,Watson H.,Ferro F.,1.5,2.57
Hobart International,2020-01-15,Mertens E.,Kuzmova V.,1.15,5.46
Hobart International,2020-01-16,Zhang S.,Davis L.,1.56,2.41
Hobart International,2020-01-16,Watson H.,Mertens E.,6.1,1.12
Hobart International,2020-01-16,Muguruza G.,Kudermetova V.,1.74,2.08
Hobart International,2020-01-16,Rybakina E.,Cabrera L.,1.26,3.84
Hobart International,2020-01-17,Zhang S.,Kudermetova V.,1.83,1.96
Hobart International,2020-01-17,Rybakina E.,Watson H.,1.47,2.65
Hobart International,2020-01-18,Rybakina E.,Zhang S.,2.3,1.61
Australian Open,2020-01-20,Badosa P.,Larsson J.,2.07,1.76
Australian Open,2020-01-20,Alexandrova E.,Teichmann J.,1.18,4.89
Australian Open,2020-01-20,Goerges J.,Kuzmova V.,1.32,3.41
Australian Open,2020-01-20,Zhu L.,Golubic V.,1.79,2.02
Australian Open,2020-01-20,Martic P.,Mchale C.,1.46,2.72
Australian Open,2020-01-20,Zheng S.,Kalinskaya A.,1.74,2.09
Australian Open,2020-01-20,Osaka N.,Bouzkova M.,1.16,5.33
Australian Open,2020-01-20,Kenin S.,Trevisan M.,1.22,4.34
Australian Open,2020-01-20,Cirstea S.,Strycova B.,2.13,1.72
Australian Open,2020-01-20,Krejcikova B.,Kanepi K.,2.05,1.77
Australian Open,2020-01-20,Li A.,Cabrera L.,1.64,2.27
Australian Open,2020-01-20,Williams S.,Potapova A.,1.04,11.86
Australian Open,2020-01-20,Wozniacki C.,Ahn K.,1.2,4.62
Australian Open,2020-01-20,Zidansek T.,Han N.L.,1.59,2.36
Australian Open,2020-01-20,Kvitova P.,Siniakova K.,1.16,5.23
Australian Open,2020-01-20,Gauff C.,Williams V.,1.62,2.29
Australian Open,2020-01-20,Mcnally C.,Stosur S.,1.44,2.8
Australian Open,2020-01-20,Barty A.,Tsurenko L.,1.05,10.86
Australian Open,2020-01-20,Zhang S.,Stephens S.,1.61,2.31
Australian Open,2020-01-21,Garcia C.,Brengle M.,1.55,2.43
Australian Open,2020-01-21,Ferro F.,Van Uytvanck A.,2.46,1.55
Australian Open,2020-01-21,Sakkari M.,Gasparyan M.,1.4,2.94
Australian Open,2020-01-21,Hibino N.,Peng S.,2.36,1.59
Australian Open,2020-01-21,Yastremska D.,Juvan K.,1.29,3.59
Australian Open,2020-01-21,Jabeur O.,Konta J.,2.25,1.64
Australian Open,2020-01-21,Bencic B.,Schmiedlova A.K.,1.12,6.39
Australian Open,2020-01-21,Hercog P.,Peterson R.,2.32,1.61
Australian Open,2020-01-21,Pliskova Ka.,Mladenovic K.,1.22,4.29
Australian Open,2020-01-21,Riske A.,Wang Yaf.,1.63,2.29
Australian Open,2020-01-21,Keys M.,Kasatkina D.,1.19,4.78
Australian Open,2020-01-21,Rus A.,Linette M.,2.79,1.44
Australian Open,2020-01-21,Vekic D.,Sharapova M.,1.63,2.27
Australian Open,2020-01-21,Rybakina E.,Pera B.,1.58,2.38
Australian Open,2020-01-21,Wang Q.,Parmentier P.,1.12,6.22
Australian Open,2020-01-21,Minnen G.,Sasnovich A.,2.15,1.7
Australian Open,2020-01-21,Ostapenko J.,Samsonova L.,1.92,1.88
Australian Open,2020-01-21,Tomljanovic A.,Sevastova A.,1.89,1.9
Australian Open,2020-01-21,Diyas Z.,Anisimova A.,2.89,1.41
Australian Open,2020-01-21,Davis L.,Fernandez L.A.,1.47,2.69
Australian Open,2020-01-21,Giorgi C.,Lottner A.,1.42,2.85
Australian Open,2020-01-21,Muguruza G.,Rogers S.,1.57,2.41
Australian Open,2020-01-21,Muchova K.,Flipkens K.,1.3,3.52
Australian Open,2020-01-21,Putintseva Y.,Hsieh S.W.,1.83,1.97
Australian Open,2020-01-21,Siegemund L.,Vandeweghe C.,1.79,2.02
Australian Open,2020-01-21,Svitolina E.,Boulter K.,1.05,10.48
Australian Open,2020-01-21,Bellis C.,Maria T.,1.3,3.53
Australian Open,2020-01-21,Bertens K.,Begu I.,1.14,5.61
Australian Open,2020-01-21,Rodionova Ar.,Bondarenko K.,1.98,1.82
Australian Open,2020-01-21,Halep S.,Brady J.,1.42,2.87
Australian Open,2020-01-21,Collins D.,Diatchenko V.,1.13,6.03
Australian Open,2020-01-21,Blinkova A.,Paolini J.,1.26,3.84
Australian Open,2020-01-21,Cornet A.,Niculescu M.,1.7,2.15
Australian Open,2020-01-21,Dart H.,Doi M.,1.65,2.24
Australian Open,2020-01-21,Kuznetsova S.,Vondrousova M.,3.4,1.32
Australian Open,2020-01-21,Kerber A.,Cocciaretto E.,1.31,3.45
Australian Open,2020-01-21,Hon P.,Kozlova K.,2.55,1.52
Australian Open,2020-01-22,Pavlyuchenkova A.,Stojanovic N.,1.33,3.35
Australian Open,2020-01-22,Watson H.,Pliskova Kr.,1.9,1.9
Australian Open,2020-01-22,Kontaveit A.,Sharma A.,1.26,3.82
Australian Open,2020-01-22,Sorribes Tormo S.,Kudermetova V.,3.2,1.35
Australian Open,2020-01-22,Suarez Navarro C.,Sabalenka A.,4.36,1.21
Australian Open,2020-01-22,Swiatek I.,Babos T.,1.62,2.29
Australian Open,2020-01-22,Townsend T.,Pegula J.,2.22,1.66
Australian Open,2020-01-22,Mertens E.,Kovinic D.,1.12,6.48
Australian Open,2020-01-22,Kenin S.,Li A.,1.2,4.53
Australian Open,2020-01-22,Goerges J.,Martic P.,1.83,1.98
Australian Open,2020-01-22,Osaka N.,Zheng S.,1.14,5.65
Australian Open,2020-01-22,Kvitova P.,Badosa P.,1.04,11.77
Australian Open,2020-01-22,Zhang S.,Mcnally C.,1.55,2.46
Australian Open,2020-01-22,Alexandrova E.,Krejcikova B.,1.26,3.86
Australian Open,2020-01-22,Riske A.,Zhu L.,1.52,2.54
Australian Open,2020-01-22,Wozniacki C.,Yastremska D.,2.14,1.71
Australian Open,2020-01-22,Barty A.,Hercog P.,1.1,6.96
Australian Open,2020-01-22,Jabeur O.,Garcia C.,1.57,2.4
Australian Open,2020-01-22,Gauff C.,Cirstea S.,1.57,2.4
Australian Open,2020-01-22,Rybakina E.,Minnen G.,1.38,3.03
Australian Open,2020-01-22,Wang Q.,Ferro F.,1.25,3.99
Australian Open,2020-01-22,Sakkari M.,Hibino N.,1.21,4.41
Australian Open,2020-01-22,Williams S.,Zidansek T.,1.01,16.91
Australian Open,2020-01-22,Keys M.,Rus A.,1.05,10.29
Australian Open,2020-01-23,Bencic B.,Ostapenko J.,1.44,2.8
Australian Open,2020-01-23,Vekic D.,Cornet A.,1.45,2.77
Australian Open,2020-01-23,Muguruza G.,Tomljanovic A.,1.73,2.11
Australian Open,2020-01-23,Diyas Z.,Blinkova A.,1.55,2.45
Australian Open,2020-01-23,Pliskova Ka.,Siegemund L.,1.13,5.93
Australian Open,2020-01-23,Bellis C.,Muchova K.,2.45,1.55
Australian Open,2020-01-23,Kerber A.,Hon P.,1.2,4.58
Australian Open,2020-01-23,Mertens E.,Watson H.,1.27,3.74
Australian Open,2020-01-23,Bertens K.,Rodionova Ar.,1.07,8.52
Australian Open,2020-01-23,Kontaveit A.,Sorribes Tormo S.,1.19,4.67
Australian Open,2020-01-23,Swiatek I.,Suarez Navarro C.,1.55,2.44
Australian Open,2020-01-23,Pavlyuchenkova A.,Townsend T.,1.4,2.96
Australian Open,2020-01-23,Halep S.,Dart H.,1.07,8.72
Australian Open,2020-01-23,Giorgi C.,Kuznetsova S.,2.11,1.73
Australian Open,2020-01-23,Putintseva Y.,Collins D.,2.65,1.48
Australian Open,2020-01-23,Svitolina E.,Davis L.,1.17,4.97
Australian Open,2020-01-24,Barty A.,Rybakina E.,1.24,4.03
Australian Open,2020-01-24,Jabeur O.,Wozniacki C.,3.07,1.38
Australian Open,2020-01-24,Wang Q.,Williams S.,7.49,1.09
Australian Open,2020-01-24,Kvitova P.,Alexandrova E.,1.49,2.64
Australian Open,2020-01-24,Sakkari M.,Keys M.,3.06,1.37
Australian Open,2020-01-24,Riske A.,Goerges J.,2.05,1.77
Australian Open,2020-01-24,Gauff C.,Osaka N.,5.34,1.15
Australian Open,2020-01-24,Kenin S.,Zhang S.,1.54,2.46
Australian Open,2020-01-25,Kerber A.,Giorgi C.,1.6,2.34
Australian Open,2020-01-25,Pavlyuchenkova A.,Pliskova Ka.,3.81,1.27
Australian Open,2020-01-25,Swiatek I.,Vekic D.,2.27,1.64
Australian Open,2020-01-25,Kontaveit A.,Bencic B.,2.15,1.71
Australian Open,2020-01-25,Halep S.,Putintseva Y.,1.39,3.02
Australian Open,2020-01-25,Mertens E.,Bellis C.,1.36,3.2
Australian Open,2020-01-25,Muguruza G.,Svitolina E.,2.6,1.5
Australian Open,2020-01-25,Bertens K.,Diyas Z.,1.51,2.58
Australian Open,2020-01-26,Kvitova P.,Sakkari M.,1.39,3.0
Australian Open,2020-01-26,Kenin S.,Gauff C.,1.64,2.27
Australian Open,2020-01-26,Jabeur O.,Wang Q.,2.57,1.51
Australian Open,2020-01-26,Barty A.,Riske A.,1.23,4.19
Australian Open,2020-01-27,Halep S.,Mertens E.,1.58,2.38
Australian Open,2020-01-27,Kontaveit A.,Swiatek I.,1.63,2.29
Australian Open,2020-01-27,Muguruza G.,Bertens K.,1.66,2.23
Australian Open,2020-01-27,Pavlyuchenkova A.,Kerber A.,1.74,2.1
Australian Open,2020-01-28,Kenin S.,Jabeur O.,1.44,2.82
Australian Open,2020-01-28,Barty A.,Kvitova P.,1.71,2.15
Australian Open,2020-01-29,Halep S.,Kontaveit A.,1.35,3.25
Australian Open,2020-01-29,Muguruza G.,Pavlyuchenkova A.,1.54,2.49
Australian Open,2020-01-30,Kenin S.,Barty A.,3.6,1.3
Australian Open,2020-01-30,Muguruza G.,Halep S.,2.37,1.6
Australian Open,2020-02-01,Kenin S.,Muguruza G.,2.56,1.53
Thailand Open,2020-02-10,Kung L.,Cheapchandej P.,1.29,3.52
Thailand Open,2020-02-10,Zheng S.,Kostic N.,1.09,7.29
Thailand Open,2020-02-10,You X.,Perez E.,2.09,1.72
Thailand Open,2020-02-10,Sanders S.,Eikeri U.,1.3,3.45
Thailand Open,2020-02-10,Hibino N.,Rodionova Ar.,1.62,2.26
Thailand Open,2020-02-10,Plipuech P.,Paquet C.,2.86,1.41
Thailand Open,2020-02-11,Haas B.,Muramatsu C.,1.6,2.31
Thailand Open,2020-02-11,Kawa K.,Raina A.,2.21,1.65
Thailand Open,2020-02-11,Peng S.,Yuan Y.,1.11,6.3
Thailand Open,2020-02-11,Wang Q.,Han X.,1.08,7.59
Thailand Open,2020-02-11,Zhu L.,Flink V.,1.28,3.59
Thailand Open,2020-02-11,Tig P.M.,Wang Yaf.,2.9,1.4
Thailand Open,2020-02-11,Liang E.S.,Wang Xin.,2.48,1.53
Thailand Open,2020-02-11,Wang Xiy.,Martic P.,3.68,1.27
Thailand Open,2020-02-12,Linette M.,Bondarenko K.,1.39,2.96
Thailand Open,2020-02-12,Svitolina E.,Schoofs B.,1.07,8.24
Thailand Open,2020-02-12,Zheng S.,Liang E.S.,1.17,4.94
Thailand Open,2020-02-12,Hibino N.,Plipuech P.,1.12,6.27
Thailand Open,2020-02-12,Kung L.,Zhu L.,4.75,1.18
Thailand Open,2020-02-12,Wang Q.,Kawa K.,1.15,5.3
Thailand Open,2020-02-13,Wang Xiy.,Haas B.,1.32,3.31
Thailand Open,2020-02-13,Tig P.M.,You X.,1.29,3.54
Thailand Open,2020-02-13,Linette M.,Peng S.,1.77,2.03
Thailand Open,2020-02-13,Svitolina E.,Sanders S.,1.11,6.44
Thailand Open,2020-02-14,Tig P.M.,Zheng S.,2.8,1.43
Thailand Open,2020-02-14,Linette M.,Wang Xiy.,1.57,2.38
Thailand Open,2020-02-14,Hibino N.,Svitolina E.,4.79,1.18
Thailand Open,2020-02-14,Kung L.,Wang Q.,6.91,1.1
Thailand Open,2020-02-15,Linette M.,Tig P.M.,1.52,2.52
Thailand Open,2020-02-15,Kung L.,Hibino N.,3.42,1.31
Thailand Open,2020-02-16,Linette M.,Kung L.,1.29,3.54
Ladies Trophy,2020-02-10,Rybakina E.,Siniakova K.,1.24,3.97
Ladies Trophy,2020-02-10,Potapova A.,Samsonova L.,2.0,1.8
Ladies Trophy,2020-02-10,Sakkari M.,Diatchenko V.,1.41,2.87
Ladies Trophy,2020-02-11,Dodin O.,Kuzmova V.,1.57,2.37
Ladies Trophy,2020-02-11,Van Uytvanck A.,Mladenovic K.,2.13,1.7
Ladies Trophy,2020-02-11,Tomljanovic A.,Vondrousova M.,2.76,1.44
Ladies Trophy,2020-02-11,Kudermetova V.,Putintseva Y.,2.24,1.64
Ladies Trophy,2020-02-11,Vekic D.,Ahn K.,1.17,4.98
Ladies Trophy,2020-02-11,Ferro F.,Garcia C.,2.69,1.46
Ladies Trophy,2020-02-11,Kuznetsova S.,Brady J.,2.23,1.65
Ladies Trophy,2020-02-11,Alexandrova E.,Kasatkina D.,1.39,2.96
Ladies Trophy,2020-02-12,Cornet A.,Ostapenko J.,2.25,1.63
Ladies Trophy,2020-02-12,Potapova A.,Tomljanovic A.,2.18,1.67
Ladies Trophy,2020-02-12,Dodin O.,Konta J.,2.22,1.65
Ladies Trophy,2020-02-12,Bencic B.,Kuznetsova S.,1.65,2.23
Ladies Trophy,2020-02-12,Rybakina E.,Ferro F.,1.18,4.84
Ladies Trophy,2020-02-13,Sakkari M.,Cornet A.,1.79,2.01
Ladies Trophy,2020-02-13,Kvitova P.,Van Uytvanck A.,1.23,4.16
Ladies Trophy,2020-02-13,Alexandrova E.,Vekic D.,1.68,2.16
Ladies Trophy,2020-02-13,Bertens K.,Kudermetova V.,1.31,3.45
Ladies Trophy,2020-02-14,Rybakina E.,Dodin O.,1.36,3.13
Ladies Trophy,2020-02-14,Sakkari M.,Bencic B.,2.25,1.64
Ladies Trophy,2020-02-14,Bertens K.,Potapova A.,1.21,4.38
Ladies Trophy,2020-02-14,Alexandrova E.,Kvitova P.,2.4,1.55
Ladies Trophy,2020-02-15,Rybakina E.,Sakkari M.,1.6,2.32
Ladies Trophy,2020-02-15,Bertens K.,Alexandrova E.,1.75,2.07
Ladies Trophy,2020-02-16,Bertens K.,Rybakina E.,1.56,2.41
Dubai Duty Free Tennis Championships,2020-02-17,Strycova B.,Anisimova A.,2.99,1.38
Dubai Duty Free Tennis Championships,2020-02-17,Mertens E.,Wang Q.,1.45,2.72
Dubai Duty Free Tennis Championships,2020-02-17,Jabeur O.,Riske A.,2.02,1.77
Dubai Duty Free Tennis Championships,2020-02-17,Muguruza G.,Clijsters K.,1.08,7.89
Dubai Duty Free Tennis Championships,2020-02-17,Vondrousova M.,Sevastova A.,1.45,2.68
Dubai Duty Free Tennis Championships,2020-02-18,Siniakova K.,Muchova K.,2.34,1.59
Dubai Duty Free Tennis Championships,2020-02-18,Brady J.,Svitolina E.,2.28,1.62
Dubai Duty Free Tennis Championships,2020-02-18,Mladenovic K.,Sasnovich A.,1.86,1.92
Dubai Duty Free Tennis Championships,2020-02-18,Pavlyuchenkova A.,Bencic B.,2.13,1.7
Dubai Duty Free Tennis Championships,2020-02-18,Kudermetova V.,Yastremska D.,2.91,1.4
Dubai Duty Free Tennis Championships,2020-02-18,Martic P.,Hsieh S.W.,1.57,2.37
Dubai Duty Free Tennis Championships,2020-02-18,Rybakina E.,Kenin S.,3.15,1.35
Dubai Duty Free Tennis Championships,2020-02-18,Kontaveit A.,Cirstea S.,1.37,3.02
Dubai Duty Free Tennis Championships,2020-02-18,Sabalenka A.,Sakkari M.,1.57,2.38
Dubai Duty Free Tennis Championships,2020-02-19,Brady J.,Vondrousova M.,1.81,1.98
Dubai Duty Free Tennis Championships,2020-02-19,Pliskova Ka.,Mladenovic K.,1.38,2.99
Dubai Duty Free Tennis Championships,2020-02-19,Muguruza G.,Kudermetova V.,1.32,3.35
Dubai Duty Free Tennis Championships,2020-02-19,Martic P.,Strycova B.,1.38,3.0
Dubai Duty Free Tennis Championships,2020-02-19,Rybakina E.,Siniakova K.,1.42,2.81
Dubai Duty Free Tennis Championships,2020-02-19,Sabalenka A.,Mertens E.,1.98,1.81
Dubai Duty Free Tennis Championships,2020-02-19,Halep S.,Jabeur O.,1.3,3.5
Dubai Duty Free Tennis Championships,2020-02-19,Kontaveit A.,Pavlyuchenkova A.,1.82,1.97
Dubai Duty Free Tennis Championships,2020-02-20,Rybakina E.,Pliskova Ka.,2.75,1.44
Dubai Duty Free Tennis Championships,2020-02-20,Brady J.,Muguruza G.,2.32,1.6
Dubai Duty Free Tennis Championships,2020-02-20,Martic P.,Kontaveit A.,2.4,1.56
Dubai Duty Free Tennis Championships,2020-02-20,Halep S.,Sabalenka A.,1.93,1.86
Dubai Duty Free Tennis Championships,2020-02-21,Rybakina E.,Martic P.,1.65,2.22
Dubai Duty Free Tennis Championships,2020-02-21,Halep S.,Brady J.,1.39,2.96
Dubai Duty Free Tennis Championships,2020-02-22,Halep S.,Rybakina E.,1.41,2.87
Abierto Mexicano,2020-02-24,Potapova A.,Schmiedlova A.,1.4,2.89
Abierto Mexicano,2020-02-24,Watson H.,Vandeweghe C.,1.8,1.99
Abierto Mexicano,2020-02-24,Hibino N.,Rus A.,1.83,1.95
Abierto Mexicano,2020-02-25,Bondarenko K.,Kovinic D.,1.73,2.08
Abierto Mexicano,2020-02-25,Maria T.,Bouzkova M.,3.16,1.34
Abierto Mexicano,2020-02-25,Zidansek T.,Kalinskaya A.,2.07,1.74
Abierto Mexicano,2020-02-25,Wang Xiy.,Wang Yaf.,1.9,1.88
Abierto Mexicano,2020-02-25,Juvan K.,Williams V.,1.81,1.98
Abierto Mexicano,2020-02-25,Zhu L.,Zavatska K.,1.44,2.74
Abierto Mexicano,2020-02-25,Boulter K.,Di Lorenzo F.,2.47,1.55
Abierto Mexicano,2020-02-26,Fernandez L.A.,Stojanovic N.,1.54,2.44
Abierto Mexicano,2020-02-26,Errani S.,Sorribes Tormo S.,2.11,1.71
Abierto Mexicano,2020-02-26,Volynets K.,Rogers S.,4.57,1.19
Abierto Mexicano,2020-02-26,Zarazua R.,Stephens S.,3.43,1.31
Abierto Mexicano,2020-02-26,Mchale C.,Davis L.,1.96,1.82
Abierto Mexicano,2020-02-26,Dolehide C.,Arconada U.M.,1.52,2.55
Abierto Mexicano,2020-02-26,Zhu L.,Boulter K.,1.53,2.48
Abierto Mexicano,2020-02-26,Watson H.,Bondarenko K.,1.36,3.11
Abierto Mexicano,2020-02-26,Zidansek T.,Juvan K.,2.49,1.52
Abierto Mexicano,2020-02-26,Wang Xiy.,Errani S.,1.4,2.89
Abierto Mexicano,2020-02-26,Potapova A.,Maria T.,1.42,2.82
Abierto Mexicano,2020-02-27,Fernandez L.A.,Hibino N.,1.97,1.82
Abierto Mexicano,2020-02-27,Zarazua R.,Volynets K.,1.92,1.86
Abierto Mexicano,2020-02-27,Mchale C.,Dolehide C.,1.93,1.85
Abierto Mexicano,2020-02-27,Wang Xiy.,Zhu L.,1.78,2.02
Abierto Mexicano,2020-02-28,Watson H.,Mchale C.,1.84,1.97
Abierto Mexicano,2020-02-28,Zarazua R.,Zidansek T.,3.04,1.37
Abierto Mexicano,2020-02-28,Fernandez L.A.,Potapova A.,1.89,1.89
Abierto Mexicano,2020-02-28,Watson H.,Wang Xiy.,2.07,1.75
Abierto Mexicano,2020-02-29,Fernandez L.A.,Zarazua R.,1.28,3.63
Abierto Mexicano,2020-03-01,Watson H.,Fernandez L.A.,1.99,1.81
Qatar Total Open,2020-02-23,Mertens E.,Wang Q.,1.31,3.39
Qatar Total Open,2020-02-23,Kudermetova V.,Mladenovic K.,1.74,2.07
Qatar Total Open,2020-02-23,Siegemund L.,Shvedova Y.,1.11,6.43
Qatar Total Open,2020-02-23,Kuznetsova S.,Buyukakcay C.,1.14,5.46
Qatar Total Open,2020-02-23,Muchova K.,Linette M.,1.83,1.95
Qatar Total Open,2020-02-23,Tomljanovic A.,Hon P.,1.3,3.45
Qatar Total Open,2020-02-23,Muguruza G.,Kasatkina D.,1.32,3.34
Qatar Total Open,2020-02-23,Pera B.,Garcia C.,1.75,2.05
Qatar Total Open,2020-02-23,Van Uytvanck A.,Hercog P.,1.68,2.16
Qatar Total Open,2020-02-23,Anisimova A.,Alexandrova E.,2.41,1.56
Qatar Total Open,2020-02-23,Jabeur O.,Siniakova K.,1.78,2.02
Qatar Total Open,2020-02-23,Ostapenko J.,Teichmann J.,1.54,2.45
Qatar Total Open,2020-02-24,Suarez Navarro C.,Zhang S.,2.16,1.68
Qatar Total Open,2020-02-24,Sakkari M.,Goerges J.,1.76,2.04
Qatar Total Open,2020-02-24,Kontaveit A.,Sevastova A.,1.34,3.23
Qatar Total Open,2020-02-24,Martincova T.,Doi M.,1.58,2.35
Qatar Total Open,2020-02-24,Strycova B.,Martic P.,3.25,1.34
Qatar Total Open,2020-02-24,Zheng S.,Vondrousova M.,3.43,1.3
Qatar Total Open,2020-02-24,Putintseva Y.,Babos T.,1.32,3.33
Qatar Total Open,2020-02-24,Zvonareva V.,Hsieh S.W.,2.74,1.44
Qatar Total Open,2020-02-24,Swiatek I.,Vekic D.,1.73,2.09
Qatar Total Open,2020-02-24,Yastremska D.,Flipkens K.,1.28,3.59
Qatar Total Open,2020-02-24,Brady J.,Riske A.,2.05,1.76
Qatar Total Open,2020-02-24,Rybakina E.,Cirstea S.,1.4,2.91
Qatar Total Open,2020-02-24,Bertens K.,Muchova K.,1.43,2.77
Qatar Total Open,2020-02-24,Anisimova A.,Svitolina E.,2.05,1.76
Qatar Total Open,2020-02-25,Sabalenka A.,Kontaveit A.,1.54,2.45
Qatar Total Open,2020-02-25,Ostapenko J.,Strycova B.,1.72,2.1
Qatar Total Open,2020-02-25,Zheng S.,Zvonareva V.,1.53,2.5
Qatar Total Open,2020-02-25,Kuznetsova S.,Swiatek I.,2.4,1.56
Qatar Total Open,2020-02-25,Kvitova P.,Suarez Navarro C.,1.35,3.19
Qatar Total Open,2020-02-25,Yastremska D.,Kenin S.,2.18,1.67
Qatar Total Open,2020-02-25,Putintseva Y.,Mertens E.,3.9,1.25
Qatar Total Open,2020-02-25,Bencic B.,Kudermetova V.,1.59,2.34
Qatar Total Open,2020-02-25,Barty A.,Siegemund L.,1.17,5.04
Qatar Total Open,2020-02-25,Rybakina E.,Van Uytvanck A.,1.39,2.94
Qatar Total Open,2020-02-25,Pliskova Ka.,Pera B.,1.22,4.19
Qatar Total Open,2020-02-25,Muguruza G.,Tomljanovic A.,1.42,2.8
Qatar Total Open,2020-02-25,Jabeur O.,Brady J.,1.66,2.2
Qatar Total Open,2020-02-25,Sakkari M.,Martincova T.,1.21,4.33
Qatar Total Open,2020-02-26,Barty A.,Rybakina E.,1.34,3.3
Qatar Total Open,2020-02-26,Kvitova P.,Ostapenko J.,1.39,2.96
Qatar Total Open,2020-02-26,Kuznetsova S.,Anisimova A.,2.23,1.64
Qatar Total Open,2020-02-26,Zheng S.,Bertens K.,4.06,1.23
Qatar Total Open,2020-02-26,Sabalenka A.,Sakkari M.,1.47,2.65
Qatar Total Open,2020-02-26,Bencic B.,Putintseva Y.,1.79,2.01
Qatar Total Open,2020-02-26,Jabeur O.,Pliskova Ka.,2.75,1.44
Qatar Total Open,2020-02-26,Muguruza G.,Yastremska D.,1.78,2.02
Qatar Total Open,2020-02-27,Sabalenka A.,Zheng S.,1.29,3.6
Qatar Total Open,2020-02-27,Kuznetsova S.,Bencic B.,2.27,1.63
Qatar Total Open,2020-02-27,Kvitova P.,Jabeur O.,1.42,2.83
Qatar Total Open,2020-02-27,Barty A.,Muguruza G.,1.55,2.43
Qatar Total Open,2020-02-28,Sabalenka A.,Kuznetsova S.,1.49,2.61
Qatar Total Open,2020-02-28,Kvitova P.,Barty A.,2.53,1.51
Qatar Total Open,2020-02-29,Sabalenka A.,Kvitova P.,2.1,1.73
Lyon Open,2020-03-02,Van Uytvanck A.,Kawa K.,1.11,6.26
Lyon Open,2020-03-02,Bonaventure Y.,Kostyuk M.,2.24,1.63
Lyon Open,2020-03-02,Bara I.,Babos T.,3.71,1.27
Lyon Open,2020-03-02,Cristian J.,Hon P.,1.62,2.26
Lyon Open,2020-03-02,Cornet A.,Lottner A.,1.32,3.32
Lyon Open,2020-03-02,Garcia C.,Minnen G.,1.77,2.02
Lyon Open,2020-03-02,Friedsam A.L.,Komardina A.,1.38,2.96
Lyon Open,2020-03-03,Martincova T.,Bogdan A.,2.27,1.62
Lyon Open,2020-03-03,Giorgi C.,Lapko V.,1.23,4.0
Lyon Open,2020-03-03,Teichmann J.,Burel C.,1.4,2.88
Lyon Open,2020-03-03,Tomova V.,Frech M.,2.36,1.57
Lyon Open,2020-03-03,Mladenovic K.,Paquet C.,1.12,6.16
Lyon Open,2020-03-03,Kasatkina D.,Parmentier P.,1.16,5.0
Lyon Open,2020-03-03,Kuzmova V.,Pattinama Kerkhove L.,1.34,3.21
Lyon Open,2020-03-04,Kenin S.,Diatchenko V.,1.24,3.92
Lyon Open,2020-03-04,Dodin O.,Minella M.,1.17,4.93
Lyon Open,2020-03-04,Van Uytvanck A.,Tomova V.,1.18,4.79
Lyon Open,2020-03-04,Giorgi C.,Cornet A.,1.7,2.11
Lyon Open,2020-03-04,Garcia C.,Bonaventure Y.,1.66,2.18
Lyon Open,2020-03-05,Dodin O.,Teichmann J.,1.79,2.16
Lyon Open,2020-03-05,Kuzmova V.,Martincova T.,2.37,1.56
Lyon Open,2020-03-05,Kasatkina D.,Bara I.,1.13,5.86
Lyon Open,2020-03-05,Kenin S.,Cristian J.,1.22,4.09
Lyon Open,2020-03-05,Friedsam A.L.,Mladenovic K.,2.49,1.52
Lyon Open,2020-03-06,Kasatkina D.,Giorgi C.,1.93,1.86
Lyon Open,2020-03-06,Friedsam A.L.,Kuzmova V.,1.53,2.46
Lyon Open,2020-03-06,Kenin S.,Dodin O.,1.53,2.46
Lyon Open,2020-03-06,Van Uytvanck A.,Garcia C.,1.77,2.04
Lyon Open,2020-03-07,Friedsam A.L.,Kasatkina D.,2.99,1.38
Lyon Open,2020-03-07,Kenin S.,Van Uytvanck A.,1.66,2.21
Lyon Open,2020-03-08,Kenin S.,Friedsam A.L.,1.33,3.28
Monterrey Open,2020-03-02,Bouzkova M.,Kucova K.,1.22,4.1
Monterrey Open,2020-03-02,Peterson R.,Kozlova K.,1.67,2.16
Monterrey Open,2020-03-02,Wang Yaf.,Arruabarrena L.,1.5,2.54
Monterrey Open,2020-03-02,Sharma A.,Stojanovic N.,2.11,1.71
Monterrey Open,2020-03-02,Govortsova O.,Dolehide C.,1.81,1.97
Monterrey Open,2020-03-03,Schmiedlova A.,Williams V.,2.25,1.62
Monterrey Open,2020-03-03,Stephens S.,Navarro E.,1.12,6.01
Monterrey Open,2020-03-03,Davis L.,Podoroska N.,1.69,2.14
Monterrey Open,2020-03-03,Rus A.,Flink V.,1.43,2.79
Monterrey Open,2020-03-03,Maria T.,Watson H.,3.06,1.36
Monterrey Open,2020-03-03,Bondarenko K.,Sorribes Tormo S.,2.53,1.5
Monterrey Open,2020-03-03,Svitolina E.,Kovinic D.,1.12,6.06
Monterrey Open,2020-03-03,Fernandez L.,Voegele S.,1.57,2.37
Monterrey Open,2020-03-03,Zidansek T.,Azarenka V.,2.75,1.45
Monterrey Open,2020-03-04,Konta J.,Clijsters K.,1.49,2.58
Monterrey Open,2020-03-04,Potapova A.,Gatto-Monticone G.,1.32,3.29
Monterrey Open,2020-03-04,Peterson R.,Bondarenko K.,1.38,3.0
Monterrey Open,2020-03-04,Bouzkova M.,Schmiedlova A.,1.6,2.29
Monterrey Open,2020-03-04,Wang Yaf.,Sharma A.,1.33,3.28
Monterrey Open,2020-03-05,Fernandez L.,Stephens S.,1.61,2.27
Monterrey Open,2020-03-05,Potapova A.,Zidansek T.,1.75,2.05
Monterrey Open,2020-03-05,Konta J.,Maria T.,1.23,4.04
Monterrey Open,2020-03-06,Rus A.,Davis L.,2.55,1.5
Monterrey Open,2020-03-06,Svitolina E.,Govortsova O.,1.27,3.72
Monterrey Open,2020-03-06,Bouzkova M.,Wang Yaf.,1.74,2.09
Monterrey Open,2020-03-06,Konta J.,Potapova A.,1.38,3.01
Monterrey Open,2020-03-07,Svitolina E.,Fernandez L.,1.39,2.95
Monterrey Open,2020-03-07,Rus A.,Peterson R.,2.36,1.59
Monterrey Open,2020-03-07,Bouzkova M.,Konta J.,2.33,1.6
Monterrey Open,2020-03-08,Svitolina E.,Rus A.,1.28,3.71
Monterrey Open,2020-03-08,Svitolina E.,Bouzkova M.,1.34,3.22
Internazionali Femminili di Palermo,2020-08-03,Vekic D.,Rus A.,1.43,2.76
Internazionali Femminili di Palermo,2020-08-03,Siegemund L.,Begu I.,1.67,2.18
Internazionali Femminili di Palermo,2020-08-03,Errani S.,Cirstea S.,3.01,1.37
Internazionali Femminili di Palermo,2020-08-03,Cocciaretto E.,Hercog P.,2.61,1.48
Internazionali Femminili di Palermo,2020-08-03,Alexandrova E.,Mladenovic K.,1.98,1.79
Internazionali Femminili di Palermo,2020-08-03,Paolini J.,Kasatkina D.,2.76,1.44
Internazionali Femminili di Palermo,2020-08-04,Yastremska D.,Sorribes Tormo S.,1.58,2.34
Internazionali Femminili di Palermo,2020-08-04,Pliskova Kr.,Sakkari M.,3.14,1.35
Internazionali Femminili di Palermo,2020-08-04,Juvan K.,Vondrousova M.,2.82,1.41
Internazionali Femminili di Palermo,2020-08-04,Sasnovich A.,Mertens E.,2.69,1.45
Internazionali Femminili di Palermo,2020-08-04,Dodin O.,Zidansek T.,2.47,1.53
Internazionali Femminili di Palermo,2020-08-04,Samsonova L.,Flipkens K.,1.33,3.26
Internazionali Femminili di Palermo,2020-08-04,Ferro F.,Podoroska N.,1.39,2.92
Internazionali Femminili di Palermo,2020-08-04,Martic P.,Van Uytvanck A.,1.38,2.96
Internazionali Femminili di Palermo,2020-08-04,Giorgi C.,Peterson R.,1.9,1.88
Internazionali Femminili di Palermo,2020-08-04,Kontaveit A.,Tig P.M.,1.29,3.52
Internazionali Femminili di Palermo,2020-08-05,Ferro F.,Alexandrova E.,1.69,2.14
Internazionali Femminili di Palermo,2020-08-05,Sasnovich A.,Paolini J.,1.38,2.97
Internazionali Femminili di Palermo,2020-08-05,Errani S.,Pliskova Kr.,3.23,1.33
Internazionali Femminili di Palermo,2020-08-05,Cocciaretto E.,Vekic D.,3.86,1.25
Internazionali Femminili di Palermo,2020-08-06,Kontaveit A.,Siegemund L.,1.46,2.65
Internazionali Femminili di Palermo,2020-08-06,Martic P.,Samsonova L.,1.33,3.23
Internazionali Femminili di Palermo,2020-08-06,Giorgi C.,Juvan K.,1.67,2.17
Internazionali Femminili di Palermo,2020-08-07,Yastremska D.,Dodin O.,1.25,3.8
Internazionali Femminili di Palermo,2020-08-07,Martic P.,Sasnovich A.,1.59,2.32
Internazionali Femminili di Palermo,2020-08-07,Kontaveit A.,Cocciaretto E.,1.35,3.13
Internazionali Femminili di Palermo,2020-08-07,Ferro F.,Errani S.,1.23,4.01
Internazionali Femminili di Palermo,2020-08-07,Giorgi C.,Yastremska D.,3.06,1.36
Internazionali Femminili di Palermo,2020-08-08,Kontaveit A.,Martic P.,2.19,1.66
Internazionali Femminili di Palermo,2020-08-08,Ferro F.,Giorgi C.,1.58,2.37
Internazionali Femminili di Palermo,2020-08-09,Ferro F.,Kontaveit A.,2.09,1.73
Top Seed Open,2020-08-10,Bouzkova M.,Konta J.,1.86,1.92
Top Seed Open,2020-08-10,Linette M.,Davis L.,1.74,2.04
Top Seed Open,2020-08-10,Brady J.,Watson H.,1.44,2.74
Top Seed Open,2020-08-11,Jabeur O.,Mcnally C.,1.58,2.34
Top Seed Open,2020-08-11,Pegula J.,Zvonareva V.,1.36,3.09
Top Seed Open,2020-08-11,Sabalenka A.,Brengle M.,1.2,4.42
Top Seed Open,2020-08-11,Blinkova A.,Ahn K.,1.57,2.38
Top Seed Open,2020-08-11,Bellis C.,Di Lorenzo F.,,
Top Seed Open,2020-08-11,Williams S.,Pera B.,1.2,4.38
Top Seed Open,2020-08-11,Teichmann J.,Kalinskaya A.,2.15,1.69
Top Seed Open,2020-08-11,Govortsova O.,Mattek-Sands B.,1.6,2.31
Top Seed Open,2020-08-11,Gauff C.,Dolehide C.,1.55,2.42
Top Seed Open,2020-08-11,Putintseva Y.,Tomljanovic A.,2.09,1.73
Top Seed Open,2020-08-11,Rogers S.,Doi M.,1.47,2.64
Top Seed Open,2020-08-11,Williams V.,Azarenka V.,2.23,1.64
Top Seed Open,2020-08-12,Fernandez L.,Stephens S.,1.68,2.16
Top Seed Open,2020-08-12,Jabeur O.,Govortsova O.,1.47,2.66
Top Seed Open,2020-08-12,Bouzkova M.,Blinkova A.,1.37,3.03
Top Seed Open,2020-08-12,Gauff C.,Sabalenka A.,2.46,1.53
Top Seed Open,2020-08-13,Brady J.,Linette M.,1.48,2.6
Top Seed Open,2020-08-13,Teichmann J.,Putintseva Y.,2.89,1.4
Top Seed Open,2020-08-13,Williams S.,Williams V.,1.4,2.9
Top Seed Open,2020-08-13,Bellis C.,Pegula J.,2.02,1.77
Top Seed Open,2020-08-14,Rogers S.,Fernandez L.,2.49,1.52
Top Seed Open,2020-08-14,Teichmann J.,Bellis C.,2.8,1.43
Top Seed Open,2020-08-14,Rogers S.,Williams S.,3.72,1.26
Top Seed Open,2020-08-14,Brady J.,Bouzkova M.,1.52,2.49
Top Seed Open,2020-08-15,Gauff C.,Jabeur O.,1.65,2.21
Top Seed Open,2020-08-15,Teichmann J.,Rogers S.,2.11,1.72
Top Seed Open,2020-08-15,Brady J.,Gauff C.,1.62,2.28
Top Seed Open,2020-08-16,Brady J.,Teichmann J.,1.34,3.24
J&T Banka Prague Open,2020-08-10,Bouchard E.,Kudermetova V.,2.45,1.53
J&T Banka Prague Open,2020-08-11,Martic P.,Gracheva V.,1.26,3.82
J&T Banka Prague Open,2020-08-11,Mertens E.,Paolini J.,1.27,3.67
J&T Banka Prague Open,2020-08-11,Begu I.,Sevastova A.,2.71,1.46
J&T Banka Prague Open,2020-08-11,Rus A.,Pavlyuchenkova A.,3.83,1.25
J&T Banka Prague Open,2020-08-11,Pliskova Kr.,Fruhvirtova L.,1.15,5.21
J&T Banka Prague Open,2020-08-11,Krejcikova B.,Tig P.M.,1.66,2.19
J&T Banka Prague Open,2020-08-11,Tsurenko L.,Alexandrova E.,2.75,1.44
J&T Banka Prague Open,2020-08-11,Halep S.,Hercog P.,1.19,4.53
J&T Banka Prague Open,2020-08-11,Giorgi C.,Kostyuk M.,1.81,1.98
J&T Banka Prague Open,2020-08-11,Frech M.,Ruse E.G.,1.67,2.18
J&T Banka Prague Open,2020-08-11,Sorribes Tormo S.,Strycova B.,1.93,1.84
J&T Banka Prague Open,2020-08-11,Bogdan A.,Sanders S.,1.24,3.97
J&T Banka Prague Open,2020-08-11,Kung L.,Bolsova A.,2.2,1.66
J&T Banka Prague Open,2020-08-12,Siegemund L.,Sherif M.,1.35,3.26
J&T Banka Prague Open,2020-08-12,Zidansek T.,Siniakova K.,1.88,1.88
J&T Banka Prague Open,2020-08-12,Pliskova Kr.,Martic P.,2.65,1.47
J&T Banka Prague Open,2020-08-12,Bogdan A.,Tsurenko L.,2.04,1.76
J&T Banka Prague Open,2020-08-12,Mertens E.,Giorgi C.,1.77,2.03
J&T Banka Prague Open,2020-08-13,Bouchard E.,Zidansek T.,2.1,1.72
J&T Banka Prague Open,2020-08-13,Sorribes Tormo S.,Siegemund L.,1.88,1.91
J&T Banka Prague Open,2020-08-13,Frech M.,Rus A.,2.16,1.68
J&T Banka Prague Open,2020-08-13,Halep S.,Krejcikova B.,1.19,4.6
J&T Banka Prague Open,2020-08-14,Begu I.,Kung L.,1.33,3.27
J&T Banka Prague Open,2020-08-14,Pliskova Kr.,Bogdan A.,1.43,2.78
J&T Banka Prague Open,2020-08-14,Mertens E.,Bouchard E.,1.33,3.27
J&T Banka Prague Open,2020-08-14,Halep S.,Frech M.,1.2,4.53
J&T Banka Prague Open,2020-08-15,Begu I.,Sorribes Tormo S.,1.97,1.91
J&T Banka Prague Open,2020-08-15,Mertens E.,Pliskova Kr.,1.38,3.01
J&T Banka Prague Open,2020-08-15,Halep S.,Begu I.,1.11,6.61
J&T Banka Prague Open,2020-08-16,Halep S.,Mertens E.,1.38,3.03
Western & Southern Financial Group Women's Open,2020-08-22,Alexandrova E.,Rybakina E.,2.04,1.77
Western & Southern Financial Group Women's Open,2020-08-22,Mladenovic K.,Sevastova A.,2.39,1.57
Western & Southern Financial Group Women's Open,2020-08-22,Pera B.,Watson H.,1.69,2.15
Western & Southern Financial Group Women's Open,2020-08-22,Kudermetova V.,Tomljanovic A.,2.1,1.73
Western & Southern Financial Group Women's Open,2020-08-22,Sakkari M.,Gauff C.,2.39,1.57
Western & Southern Financial Group Women's Open,2020-08-22,Cornet A.,Mcnally C.,1.7,2.15
Western & Southern Financial Group Women's Open,2020-08-22,Azarenka V.,Vekic D.,2.91,1.4
Western & Southern Financial Group Women's Open,2020-08-23,Yastremska D.,Williams V.,1.53,2.5
Western & Southern Financial Group Women's Open,2020-08-23,Muchova K.,Li A.,1.31,3.46
Western & Southern Financial Group Women's Open,2020-08-23,Anisimova A.,Riske A.,1.62,2.28
Western & Southern Financial Group Women's Open,2020-08-23,Bellis C.,Dodin O.,1.41,2.9
Western & Southern Financial Group Women's Open,2020-08-23,Mertens E.,Peterson R.,1.29,3.55
Western & Southern Financial Group Women's Open,2020-08-23,Rus A.,Van Uytvanck A.,1.85,1.96
Western & Southern Financial Group Women's Open,2020-08-23,Kontaveit A.,Kasatkina D.,1.28,3.64
Western & Southern Financial Group Women's Open,2020-08-23,Zvonareva V.,Linette M.,2.03,1.78
Western & Southern Financial Group Women's Open,2020-08-23,Siegemund L.,Vondrousova M.,2.5,1.53
Western & Southern Financial Group Women's Open,2020-08-23,Flipkens K.,Siniakova K.,2.16,1.7
Western & Southern Financial Group Women's Open,2020-08-23,Pegula J.,Brady J.,3.26,1.34
Western & Southern Financial Group Women's Open,2020-08-23,Mchale C.,Swiatek I.,3.26,1.34
Western & Southern Financial Group Women's Open,2020-08-23,Jabeur O.,Fernandez L.A.,1.78,2.03
Western & Southern Financial Group Women's Open,2020-08-23,Putintseva Y.,Zhang S.,1.63,2.27
Western & Southern Financial Group Women's Open,2020-08-23,Bouzkova M.,Kalinskaya A.,1.45,2.73
Western & Southern Financial Group Women's Open,2020-08-23,Garcia C.,Stephens S.,2.32,1.6
Western & Southern Financial Group Women's Open,2020-08-24,Teichmann J.,Collins D.,1.55,2.45
Western & Southern Financial Group Women's Open,2020-08-24,Kudermetova V.,Pliskova Ka.,4.11,1.23
Western & Southern Financial Group Women's Open,2020-08-24,Cornet A.,Kenin S.,3.27,1.33
Western & Southern Financial Group Women's Open,2020-08-24,Pegula J.,Anisimova A.,2.56,1.51
Western & Southern Financial Group Women's Open,2020-08-24,Bouzkova M.,Kvitova P.,2.99,1.39
Western & Southern Financial Group Women's Open,2020-08-24,Konta J.,Flipkens K.,1.53,2.49
Western & Southern Financial Group Women's Open,2020-08-24,Mchale C.,Alexandrova E.,2.99,1.39
Western & Southern Financial Group Women's Open,2020-08-24,Mertens E.,Mladenovic K.,1.27,3.76
Western & Southern Financial Group Women's Open,2020-08-24,Zvonareva V.,Siegemund L.,1.79,2.03
Western & Southern Financial Group Women's Open,2020-08-24,Williams S.,Rus A.,1.12,6.22
Western & Southern Financial Group Women's Open,2020-08-24,Sakkari M.,Putintseva Y.,1.53,2.51
Western & Southern Financial Group Women's Open,2020-08-24,Kontaveit A.,Teichmann J.,1.55,2.45
Western & Southern Financial Group Women's Open,2020-08-24,Osaka N.,Muchova K.,1.65,2.23
Western & Southern Financial Group Women's Open,2020-08-24,Yastremska D.,Pera B.,1.39,3.0
Western & Southern Financial Group Women's Open,2020-08-25,Azarenka V.,Garcia C.,1.7,2.15
Western & Southern Financial Group Women's Open,2020-08-25,Sabalenka A.,Bellis C.,1.45,2.72
Western & Southern Financial Group Women's Open,2020-08-25,Jabeur O.,Keys M.,2.67,1.47
Western & Southern Financial Group Women's Open,2020-08-25,Kontaveit A.,Bouzkova M.,1.42,2.85
Western & Southern Financial Group Women's Open,2020-08-25,Mertens E.,Kudermetova V.,1.33,3.33
Western & Southern Financial Group Women's Open,2020-08-25,Konta J.,Zvonareva V.,1.61,2.31
Western & Southern Financial Group Women's Open,2020-08-25,Pegula J.,Sabalenka A.,2.48,1.54
Western & Southern Financial Group Women's Open,2020-08-25,Azarenka V.,Cornet A.,1.59,2.38
Western & Southern Financial Group Women's Open,2020-08-25,Osaka N.,Yastremska D.,1.34,3.23
Western & Southern Financial Group Women's Open,2020-08-25,Jabeur O.,Mchale C.,1.4,2.95
Western & Southern Financial Group Women's Open,2020-08-26,Sakkari M.,Williams S.,2.14,1.71
Western & Southern Financial Group Women's Open,2020-08-26,Mertens E.,Pegula J.,1.36,3.12
Western & Southern Financial Group Women's Open,2020-08-26,Osaka N.,Kontaveit A.,1.48,2.65
Western & Southern Financial Group Women's Open,2020-08-26,Azarenka V.,Jabeur O.,2.31,1.62
Western & Southern Financial Group Women's Open,2020-08-27,Konta J.,Sakkari M.,1.79,2.02
Western & Southern Financial Group Women's Open,2020-08-28,Azarenka V.,Konta J.,2.43,1.56
Western & Southern Financial Group Women's Open,2020-08-28,Osaka N.,Mertens E.,1.64,2.26
Western & Southern Financial Group Women's Open,2020-08-29,Azarenka V.,Osaka N.,2.7,1.47
Istanbul Cup,2020-09-08,Schmiedlova A.,Juvan K.,2.32,1.59
Istanbul Cup,2020-09-08,Sorribes Tormo S.,Watson H.,1.33,3.26
Istanbul Cup,2020-09-08,Badosa P.,Zavatska K.,1.55,2.4
Istanbul Cup,2020-09-08,Paolini J.,Voegele S.,1.61,2.27
Istanbul Cup,2020-09-08,Hercog P.,Cengiz B.,1.05,10.05
Istanbul Cup,2020-09-08,Sasnovich A.,Diyas Z.,1.38,2.95
Istanbul Cup,2020-09-09,Van Uytvanck A.,Kuzmova V.,1.63,2.24
Istanbul Cup,2020-09-09,Doi M.,Perez E.,1.41,2.83
Istanbul Cup,2020-09-09,Bouchard E.,Tomova V.,1.37,2.99
Istanbul Cup,2020-09-09,Kovinic D.,Bondarenko K.,1.27,3.68
Istanbul Cup,2020-09-09,Martincova T.,Minnen G.,1.37,3.04
Istanbul Cup,2020-09-09,Tig P.M.,Danilovic O.,2.89,1.4
Istanbul Cup,2020-09-09,Garcia C.,Buyukakcay C.,1.39,2.95
Istanbul Cup,2020-09-09,Gasparyan M.,Ozgen P.,1.34,3.16
Istanbul Cup,2020-09-10,Hercog P.,Paolini J.,1.37,3.05
Istanbul Cup,2020-09-10,Kovinic D.,Van Uytvanck A.,2.13,1.7
Istanbul Cup,2020-09-10,Sasnovich A.,Schmiedlova A.,1.64,2.22
Istanbul Cup,2020-09-10,Bouchard E.,Kuznetsova S.,1.81,1.97
Istanbul Cup,2020-09-10,Badosa P.,Sorribes Tormo S.,2.74,1.44
Istanbul Cup,2020-09-10,Tig P.M.,Doi M.,1.55,2.41
Istanbul Cup,2020-09-10,Peterson R.,Gasparyan M.,1.62,2.27
Istanbul Cup,2020-09-10,Martincova T.,Garcia C.,2.25,1.63
Istanbul Cup,2020-09-11,Bouchard E.,Kovinic D.,1.58,2.37
Istanbul Cup,2020-09-11,Badosa P.,Hercog P.,2.4,1.57
Istanbul Cup,2020-09-11,Martincova T.,Sasnovich A.,2.14,1.7
Istanbul Cup,2020-09-11,Tig P.M.,Peterson R.,1.59,2.34
Istanbul Cup,2020-09-12,Bouchard E.,Badosa P.,1.81,2.07
Istanbul Cup,2020-09-12,Tig P.M.,Martincova T.,1.68,2.17
Istanbul Cup,2020-09-13,Tig P.M.,Bouchard E.,2.03,1.78
US Open,2020-08-31,Vondrousova M.,Minnen G.,1.24,4.0
US Open,2020-08-31,Sasnovich A.,Di Lorenzo F.,1.2,4.49
US Open,2020-08-31,Gracheva V.,Badosa P.,1.86,1.95
US Open,2020-08-31,Kerber A.,Tomljanovic A.,1.63,2.27
US Open,2020-08-31,Mladenovic K.,Baptiste H.,1.22,4.23
US Open,2020-08-31,Pliskova Ka.,Kalinina A.,1.05,9.92
US Open,2020-08-31,Garcia C.,Paolini J.,1.29,3.62
US Open,2020-08-31,Kvitova P.,Begu I.,1.17,4.98
US Open,2020-08-31,Kovinic D.,Cabrera L.,1.76,2.06
US Open,2020-08-31,Friedsam A.L.,Dolehide C.,2.37,1.58
US Open,2020-08-31,Kostyuk M.,Kasatkina D.,1.7,2.16
US Open,2020-08-31,Sevastova A.,Gauff C.,2.72,1.46
US Open,2020-08-31,Kozlova K.,Osuigwe W.,1.53,2.5
US Open,2020-08-31,Kontaveit A.,Collins D.,1.24,4.01
US Open,2020-08-31,Linette M.,Inglis M.,1.17,4.97
US Open,2020-08-31,Juvan K.,Arconada U.M.,1.59,2.35
US Open,2020-09-01,Bondarenko K.,Kiick A.,1.2,4.5
US Open,2020-09-01,Martic P.,Martincova T.,1.21,4.32
US Open,2020-09-01,Lapko V.,Golubic V.,2.79,1.43
US Open,2020-09-01,Brengle M.,Rodionova Ar.,1.24,4.08
US Open,2020-09-01,Yastremska D.,Sharma A.,1.15,5.43
US Open,2020-09-01,Bellis C.,Korpatsch T.,1.06,9.13
US Open,2020-09-01,Rogers S.,Khromacheva I.,1.1,7.06
US Open,2020-09-01,Flipkens K.,Peterson R.,1.88,1.92
US Open,2020-09-01,Rybakina E.,Zavatska K.,1.13,6.01
US Open,2020-09-01,Pegula J.,Bouzkova M.,1.84,1.97
US Open,2020-09-01,Putintseva Y.,Montgomery R.,1.11,6.3
US Open,2020-09-01,Li A.,Rus A.,2.47,1.54
US Open,2020-09-01,Brady J.,Blinkova A.,1.17,4.96
US Open,2020-09-01,Giorgi C.,Van Uytvanck A.,1.44,2.79
US Open,2020-09-01,Osaka N.,Doi M.,1.12,6.4
US Open,2020-09-01,Riske A.,Maria T.,1.13,5.88
US Open,2020-09-01,Muguruza G.,Hibino N.,1.18,4.91
US Open,2020-09-01,Cirstea S.,Mchale C.,2.37,1.58
US Open,2020-09-01,Mertens E.,Siegemund L.,1.14,5.73
US Open,2020-09-01,Anisimova A.,Tomova V.,1.09,7.31
US Open,2020-09-01,Bonaventure Y.,Zhang S.,3.03,1.38
US Open,2020-09-01,Gasparyan M.,Puig M.,2.37,1.6
US Open,2020-09-01,Pironkova T.,Samsonova L.,7.4,1.09
US Open,2020-09-01,Konta J.,Watson H.,1.16,5.31
US Open,2020-09-01,Scott K.,Vikhlyantseva N.,2.67,1.47
US Open,2020-09-01,Sorribes Tormo S.,Liu C.,1.5,2.58
US Open,2020-09-01,Kenin S.,Wickmayer Y.,1.09,7.6
US Open,2020-09-01,Cornet A.,Davis L.,1.32,3.42
US Open,2020-09-01,Fernandez L.A.,Zvonareva V.,1.82,1.98
US Open,2020-09-02,Keys M.,Babos T.,1.11,6.57
US Open,2020-09-02,Williams S.,Ahn K.,1.08,7.74
US Open,2020-09-02,Kalinskaya A.,Stojanovic N.,1.62,2.29
US Open,2020-09-02,Jabeur O.,Kawa K.,1.05,10.6
US Open,2020-09-02,Kanepi K.,Siniakova K.,1.63,2.27
US Open,2020-09-02,Azarenka V.,Haas B.,1.06,9.69
US Open,2020-09-02,Muchova K.,Williams V.,1.47,2.67
US Open,2020-09-02,Sabalenka A.,Dodin O.,1.21,4.37
US Open,2020-09-02,Bolsova A.,Teichmann J.,6.19,1.12
US Open,2020-09-02,Swiatek I.,Kudermetova V.,1.67,2.21
US Open,2020-09-02,Govortsova O.,Muhammad A.,1.33,3.36
US Open,2020-09-02,Stephens S.,Buzarnescu M.,1.35,3.2
US Open,2020-09-02,Tig P.M.,Nara K.,1.82,1.99
US Open,2020-09-02,Sakkari M.,Voegele S.,1.18,4.94
US Open,2020-09-02,Pera B.,Diyas Z.,1.58,2.41
US Open,2020-09-02,Vickery S.,Townsend T.,2.69,1.46
US Open,2020-09-02,Vekic D.,Pliskova Kr.,1.55,2.43
US Open,2020-09-02,Alexandrova E.,Clijsters K.,1.63,2.28
US Open,2020-09-02,Mcnally C.,Kuzmova V.,1.79,2.02
US Open,2020-09-02,Kerber A.,Friedsam A.L.,1.28,3.69
US Open,2020-09-02,Martic P.,Bondarenko K.,1.15,5.55
US Open,2020-09-02,Kontaveit A.,Juvan K.,1.15,5.56
US Open,2020-09-02,Linette M.,Kovinic D.,1.26,3.87
US Open,2020-09-02,Gracheva V.,Mladenovic K.,2.61,1.49
US Open,2020-09-02,Sasnovich A.,Vondrousova M.,2.42,1.56
US Open,2020-09-02,Kvitova P.,Kozlova K.,1.09,7.58
US Open,2020-09-02,Putintseva Y.,Lapko V.,1.2,4.54
US Open,2020-09-02,Brady J.,Bellis C.,1.42,2.88
US Open,2020-09-02,Pegula J.,Flipkens K.,1.36,3.16
US Open,2020-09-02,Rogers S.,Rybakina E.,2.96,1.4
US Open,2020-09-02,Li A.,Riske A.,3.08,1.37
US Open,2020-09-02,Garcia C.,Pliskova Ka.,3.66,1.28
US Open,2020-09-03,Kostyuk M.,Sevastova A.,1.95,1.85
US Open,2020-09-03,Osaka N.,Giorgi C.,1.23,4.16
US Open,2020-09-03,Brengle M.,Yastremska D.,4.58,1.2
US Open,2020-09-03,Jabeur O.,Kanepi K.,1.48,2.65
US Open,2020-09-03,Pironkova T.,Muguruza G.,5.37,1.15
US Open,2020-09-03,Sakkari M.,Pera B.,1.44,2.78
US Open,2020-09-03,Anisimova A.,Scott K.,1.11,6.51
US Open,2020-09-03,Vekic D.,Tig P.M.,1.23,4.14
US Open,2020-09-03,Kenin S.,Fernandez L.A.,1.34,3.24
US Open,2020-09-03,Muchova K.,Kalinskaya A.,1.22,4.26
US Open,2020-09-03,Cirstea S.,Konta J.,5.37,1.15
US Open,2020-09-03,Cornet A.,Bonaventure Y.,1.25,3.91
US Open,2020-09-04,Stephens S.,Govortsova O.,1.61,2.32
US Open,2020-09-04,Keys M.,Bolsova A.,1.1,7.19
US Open,2020-09-04,Williams S.,Gasparyan M.,1.07,8.55
US Open,2020-09-04,Azarenka V.,Sabalenka A.,1.91,1.88
US Open,2020-09-04,Swiatek I.,Vickery S.,1.17,5.02
US Open,2020-09-04,Mcnally C.,Alexandrova E.,2.93,1.4
US Open,2020-09-04,Mertens E.,Sorribes Tormo S.,1.05,10.3
US Open,2020-09-04,Martic P.,Gracheva V.,1.23,4.21
US Open,2020-09-04,Putintseva Y.,Sasnovich A.,1.68,2.19
US Open,2020-09-04,Osaka N.,Kostyuk M.,1.16,5.31
US Open,2020-09-04,Kerber A.,Li A.,1.34,3.28
US Open,2020-09-04,Brady J.,Garcia C.,1.4,2.94
US Open,2020-09-04,Kontaveit A.,Linette M.,1.18,4.86
US Open,2020-09-05,Rogers S.,Brengle M.,1.43,2.84
US Open,2020-09-05,Kvitova P.,Pegula J.,1.31,3.42
US Open,2020-09-05,Sakkari M.,Anisimova A.,1.8,2.02
US Open,2020-09-05,Muchova K.,Cirstea S.,1.27,3.7
US Open,2020-09-05,Mertens E.,Mcnally C.,1.16,5.23
US Open,2020-09-05,Williams S.,Stephens S.,1.45,2.78
US Open,2020-09-05,Pironkova T.,Vekic D.,2.64,1.49
US Open,2020-09-06,Azarenka V.,Swiatek I.,1.24,4.07
US Open,2020-09-06,Cornet A.,Keys M.,4.03,1.24
US Open,2020-09-06,Kenin S.,Jabeur O.,1.44,2.78
US Open,2020-09-06,Brady J.,Kerber A.,1.5,2.59
US Open,2020-09-06,Putintseva Y.,Martic P.,2.28,1.63
US Open,2020-09-06,Rogers S.,Kvitova P.,3.22,1.35
US Open,2020-09-07,Osaka N.,Kontaveit A.,1.47,2.69
US Open,2020-09-07,Williams S.,Sakkari M.,1.42,2.88
US Open,2020-09-07,Pironkova T.,Cornet A.,2.05,1.78
US Open,2020-09-08,Azarenka V.,Muchova K.,1.39,3.03
US Open,2020-09-08,Mertens E.,Kenin S.,2.11,1.74
US Open,2020-09-08,Brady J.,Putintseva Y.,1.29,3.65
US Open,2020-09-09,Osaka N.,Rogers S.,1.17,5.03
US Open,2020-09-09,Williams S.,Pironkova T.,1.14,5.84
US Open,2020-09-10,Azarenka V.,Mertens E.,1.96,1.86
US Open,2020-09-11,Osaka N.,Brady J.,1.37,3.13
US Open,2020-09-11,Azarenka V.,Williams S.,1.74,2.13
US Open,2020-09-12,Osaka N.,Azarenka V.,1.54,2.53
Internazionali BNL d'Italia,2020-09-14,Pavlyuchenkova A.,Zhang S.,1.41,2.88
Internazionali BNL d'Italia,2020-09-14,Rybakina E.,Alexandrova E.,1.65,2.23
Internazionali BNL d'Italia,2020-09-14,Anisimova A.,Vekic D.,1.79,2.03
Internazionali BNL d'Italia,2020-09-14,Strycova B.,Kudermetova V.,2.28,1.63
Internazionali BNL d'Italia,2020-09-14,Bouzkova M.,Tomljanovic A.,1.81,2.0
Internazionali BNL d'Italia,2020-09-14,Paolini J.,Sevastova A.,2.75,1.45
Internazionali BNL d'Italia,2020-09-14,Linette M.,Ostapenko J.,2.01,1.8
Internazionali BNL d'Italia,2020-09-14,Blinkova A.,Teichmann J.,3.2,1.35
Internazionali BNL d'Italia,2020-09-14,Mertens E.,Hsieh S.W.,1.13,6.06
Internazionali BNL d'Italia,2020-09-14,Bolsova A.,Riske A.,1.54,2.47
Internazionali BNL d'Italia,2020-09-14,Kovinic D.,Goerges J.,1.67,2.2
Internazionali BNL d'Italia,2020-09-14,Yastremska D.,Giorgi C.,1.68,2.18
Internazionali BNL d'Italia,2020-09-15,Vondrousova M.,Doi M.,1.2,4.55
Internazionali BNL d'Italia,2020-09-15,Siniakova K.,Kerber A.,3.01,1.39
Internazionali BNL d'Italia,2020-09-15,Rus A.,Swiatek I.,2.4,1.57
Internazionali BNL d'Italia,2020-09-15,Begu I.,Cocciaretto E.,1.55,2.44
Internazionali BNL d'Italia,2020-09-15,Hercog P.,Juvan K.,2.24,1.65
Internazionali BNL d'Italia,2020-09-15,Kontaveit A.,Garcia C.,1.22,4.24
Internazionali BNL d'Italia,2020-09-15,Putintseva Y.,Peterson R.,1.38,3.02
Internazionali BNL d'Italia,2020-09-15,Kuznetsova S.,Pera B.,2.19,1.67
Internazionali BNL d'Italia,2020-09-15,Gauff C.,Jabeur O.,2.4,1.57
Internazionali BNL d'Italia,2020-09-15,Kasatkina D.,Zvonareva V.,1.47,2.69
Internazionali BNL d'Italia,2020-09-15,Muguruza G.,Stephens S.,1.54,2.48
Internazionali BNL d'Italia,2020-09-16,Azarenka V.,Williams V.,1.39,3.01
Internazionali BNL d'Italia,2020-09-16,Kovinic D.,Bencic B.,2.24,1.65
Internazionali BNL d'Italia,2020-09-16,Mertens E.,Linette M.,1.14,5.71
Internazionali BNL d'Italia,2020-09-16,Halep S.,Paolini J.,1.12,6.34
Internazionali BNL d'Italia,2020-09-16,Blinkova A.,Bolsova A.,1.95,1.85
Internazionali BNL d'Italia,2020-09-16,Yastremska D.,Anisimova A.,1.68,2.18
Internazionali BNL d'Italia,2020-09-16,Rybakina E.,Bouzkova M.,1.4,2.93
Internazionali BNL d'Italia,2020-09-16,Pliskova Ka.,Strycova B.,1.35,3.2
Internazionali BNL d'Italia,2020-09-16,Svitolina E.,Pavlyuchenkova A.,1.7,2.16
Internazionali BNL d'Italia,2020-09-17,Kasatkina D.,Siniakova K.,1.52,2.53
Internazionali BNL d'Italia,2020-09-17,Kuznetsova S.,Kontaveit A.,4.0,1.24
Internazionali BNL d'Italia,2020-09-17,Vondrousova M.,Rus A.,1.82,1.99
Internazionali BNL d'Italia,2020-09-17,Muguruza G.,Gauff C.,1.36,3.09
Internazionali BNL d'Italia,2020-09-17,Putintseva Y.,Martic P.,2.14,1.7
Internazionali BNL d'Italia,2020-09-17,Konta J.,Begu I.,2.02,1.79
Internazionali BNL d'Italia,2020-09-17,Hercog P.,Bertens K.,2.49,1.53
Internazionali BNL d'Italia,2020-09-17,Azarenka V.,Kenin S.,1.62,2.28
Internazionali BNL d'Italia,2020-09-18,Pliskova Ka.,Blinkova A.,1.16,5.15
Internazionali BNL d'Italia,2020-09-18,Mertens E.,Kovinic D.,1.26,3.87
Internazionali BNL d'Italia,2020-09-18,Putintseva Y.,Rybakina E.,2.45,1.55
Internazionali BNL d'Italia,2020-09-18,Halep S.,Yastremska D.,1.31,3.49
Internazionali BNL d'Italia,2020-09-18,Muguruza G.,Konta J.,1.8,2.03
Internazionali BNL d'Italia,2020-09-18,Azarenka V.,Kasatkina D.,1.26,3.91
Internazionali BNL d'Italia,2020-09-18,Svitolina E.,Kuznetsova S.,1.53,2.51
Internazionali BNL d'Italia,2020-09-18,Vondrousova M.,Hercog P.,1.62,2.31
Internazionali BNL d'Italia,2020-09-19,Halep S.,Putintseva Y.,1.15,5.4
Internazionali BNL d'Italia,2020-09-19,Muguruza G.,Azarenka V.,2.2,1.67
Internazionali BNL d'Italia,2020-09-19,Vondrousova M.,Svitolina E.,2.97,1.4
Internazionali BNL d'Italia,2020-09-19,Pliskova Ka.,Mertens E.,1.83,1.99
Internazionali BNL d'Italia,2020-09-20,Halep S.,Muguruza G.,1.41,2.92
Internazionali BNL d'Italia,2020-09-20,Pliskova Ka.,Vondrousova M.,1.56,2.48
Internazionali BNL d'Italia,2020-09-21,Halep S.,Pliskova Ka.,1.47,2.7
Internationaux de Strasbourg,2020-09-20,Teichmann J.,Anisimova A.,2.09,1.73
Internationaux de Strasbourg,2020-09-20,Pavlyuchenkova A.,Van Uytvanck A.,1.49,2.58
Internationaux de Strasbourg,2020-09-20,Burel C.,Bondarenko K.,1.87,1.92
Internationaux de Strasbourg,2020-09-21,Diyas Z.,Mchale C.,2.24,1.64
Internationaux de Strasbourg,2020-09-21,Linette M.,Parmentier P.,1.32,3.36
Internationaux de Strasbourg,2020-09-21,Rybakina E.,Minnen G.,1.16,5.2
Internationaux de Strasbourg,2020-09-21,Cornet A.,Hercog P.,1.91,1.88
Internationaux de Strasbourg,2020-09-21,Alexandrova E.,Sanders S.,1.11,6.52
Internationaux de Strasbourg,2020-09-21,Hibino N.,Stephens S.,4.01,1.24
Internationaux de Strasbourg,2020-09-21,Zhang S.,Tomljanovic A.,2.18,1.67
Internationaux de Strasbourg,2020-09-21,Sabalenka A.,Perez E.,1.08,7.88
Internationaux de Strasbourg,2020-09-21,Blinkova A.,Georges M.,1.17,4.93
Internationaux de Strasbourg,2020-09-21,Siniakova K.,Pera B.,2.33,1.6
Internationaux de Strasbourg,2020-09-21,Ostapenko J.,Davis L.,1.47,2.66
Internationaux de Strasbourg,2020-09-22,Teichmann J.,Pavlyuchenkova A.,1.76,2.06
Internationaux de Strasbourg,2020-09-22,Svitolina E.,Linette M.,1.36,3.15
Internationaux de Strasbourg,2020-09-22,Rybakina E.,Cornet A.,1.65,2.23
Internationaux de Strasbourg,2020-09-22,Zhang S.,Burel C.,1.42,2.86
Internationaux de Strasbourg,2020-09-23,Hibino N.,Diyas Z.,2.38,1.57
Internationaux de Strasbourg,2020-09-23,Ostapenko J.,Bertens K.,2.45,1.54
Internationaux de Strasbourg,2020-09-23,Siniakova K.,Alexandrova E.,2.46,1.54
Internationaux de Strasbourg,2020-09-23,Sabalenka A.,Blinkova A.,1.46,2.71
Internationaux de Strasbourg,2020-09-24,Hibino N.,Ostapenko J.,3.58,1.29
Internationaux de Strasbourg,2020-09-24,Rybakina E.,Zhang S.,1.24,4.04
Internationaux de Strasbourg,2020-09-24,Svitolina E.,Teichmann J.,1.69,2.17
Internationaux de Strasbourg,2020-09-25,Sabalenka A.,Siniakova K.,2.49,1.54
Internationaux de Strasbourg,2020-09-25,Rybakina E.,Hibino N.,1.19,4.63
Internationaux de Strasbourg,2020-09-25,Svitolina E.,Sabalenka A.,1.48,2.65
Internationaux de Strasbourg,2020-09-26,Svitolina E.,Rybakina E.,1.77,2.06
French Open,2020-09-27,Azarenka V.,Kovinic D.,1.11,6.78
French Open,2020-09-27,Sharma A.,Blinkova A.,3.98,1.25
French Open,2020-09-27,Kanepi K.,Bouzkova M.,2.29,1.63
French Open,2020-09-27,Alexandrova E.,Inglis M.,1.1,7.17
French Open,2020-09-27,Rakhimova K.,Rogers S.,4.03,1.24
French Open,2020-09-27,Sakkari M.,Tomljanovic A.,1.26,3.93
French Open,2020-09-27,Mertens E.,Gasparyan M.,1.05,10.31
French Open,2020-09-27,Halep S.,Sorribes Tormo S.,1.04,11.45
French Open,2020-09-27,Sasnovich A.,Friedsam A.L.,1.56,2.44
French Open,2020-09-27,Schmiedlova A.,Williams V.,1.65,2.26
French Open,2020-09-27,Garcia C.,Kontaveit A.,3.52,1.3
French Open,2020-09-27,Begu I.,Teichmann J.,2.42,1.57
French Open,2020-09-27,Strycova B.,Lepchenko V.,1.56,2.44
French Open,2020-09-27,Trevisan M.,Giorgi C.,2.71,1.47
French Open,2020-09-27,Gauff C.,Konta J.,2.23,1.66
French Open,2020-09-27,Putintseva Y.,Flipkens K.,1.13,6.02
French Open,2020-09-27,Podoroska N.,Minnen G.,1.2,4.49
French Open,2020-09-27,Gavrilova D.,Yastremska D.,4.44,1.21
French Open,2020-09-27,Bouchard E.,Kalinskaya A.,1.34,3.27
French Open,2020-09-27,Krejcikova B.,Stojanovic N.,1.34,3.28
French Open,2020-09-28,Kvitova P.,Dodin O.,1.11,6.67
French Open,2020-09-28,Pera B.,Bellis C.,1.52,2.56
French Open,2020-09-28,Paolini J.,Bolsova A.,1.95,1.86
French Open,2020-09-28,Errani S.,Puig M.,1.6,2.34
French Open,2020-09-28,Bertens K.,Zavatska K.,1.16,5.36
French Open,2020-09-28,Siniakova K.,Davis L.,1.23,4.13
French Open,2020-09-28,Pironkova T.,Petkovic A.,1.53,2.51
French Open,2020-09-28,Mchale C.,Muchova K.,4.17,1.23
French Open,2020-09-28,Pavlyuchenkova A.,Kuznetsova S.,2.36,1.59
French Open,2020-09-28,Anisimova A.,Korpatsch T.,1.18,4.96
French Open,2020-09-28,Williams S.,Ahn K.,1.08,8.23
French Open,2020-09-28,Svitolina E.,Gracheva V.,1.16,5.17
French Open,2020-09-28,Hsieh S.W.,Haas B.,2.13,1.72
French Open,2020-09-28,Swiatek I.,Vondrousova M.,2.35,1.6
French Open,2020-09-28,Zarazua R.,Jacquemot E.,1.19,4.68
French Open,2020-09-28,Muguruza G.,Zidansek T.,1.08,8.16
French Open,2020-09-28,Zhang S.,Keys M.,3.06,1.38
French Open,2020-09-28,Tig P.M.,Voegele S.,1.22,4.31
French Open,2020-09-28,Juvan K.,Kerber A.,2.17,1.7
French Open,2020-09-28,Cornet A.,Paquet C.,1.1,6.88
French Open,2020-09-28,Fernandez L.A.,Linette M.,2.19,1.68
French Open,2020-09-28,Hercog P.,Parry D.,1.13,5.91
French Open,2020-09-28,Pliskova Kr.,Kuzmova V.,1.52,2.56
French Open,2020-09-28,Burel C.,Rus A.,4.2,1.23
French Open,2020-09-29,Hibino N.,Kostyuk M.,4.0,1.25
French Open,2020-09-29,Ostapenko J.,Brengle M.,1.28,3.71
French Open,2020-09-29,Pliskova Ka.,Sherif M.,1.13,6.13
French Open,2020-09-29,Van Uytvanck A.,Peterson R.,1.68,2.19
French Open,2020-09-29,Bogdan A.,Babos T.,1.36,3.14
French Open,2020-09-29,Tauson C.,Brady J.,2.96,1.4
French Open,2020-09-29,Collins D.,Niculescu M.,1.95,1.86
French Open,2020-09-29,Rybakina E.,Cirstea S.,1.23,4.2
French Open,2020-09-29,Kenin S.,Samsonova L.,1.29,3.58
French Open,2020-09-29,Bara I.,Vekic D.,2.85,1.43
French Open,2020-09-29,Siegemund L.,Mladenovic K.,1.69,2.16
French Open,2020-09-29,Jabeur O.,Diyas Z.,1.25,3.98
French Open,2020-09-29,Ferro F.,Watson H.,1.2,4.57
French Open,2020-09-29,Badosa P.,Kozlova K.,1.55,2.47
French Open,2020-09-29,Goerges J.,Riske A.,2.33,1.61
French Open,2020-09-29,Stephens S.,Diatchenko V.,1.14,5.69
French Open,2020-09-29,Martic P.,Doi M.,1.15,5.43
French Open,2020-09-29,Kasatkina D.,Tan H.,1.15,5.51
French Open,2020-09-29,Sabalenka A.,Pegula J.,1.44,2.8
French Open,2020-09-29,Kudermetova V.,Parmentier P.,1.37,3.14
French Open,2020-09-30,Svitolina E.,Zarazua R.,1.15,5.56
French Open,2020-09-30,Podoroska N.,Putintseva Y.,2.74,1.46
French Open,2020-09-30,Alexandrova E.,Sharma A.,1.33,3.36
French Open,2020-09-30,Schmiedlova A.,Azarenka V.,7.51,1.09
French Open,2020-09-30,Bertens K.,Errani S.,1.37,3.08
French Open,2020-09-30,Krejcikova B.,Strycova B.,2.04,1.78
French Open,2020-09-30,Pironkova T.,Williams S.,2.97,1.4
French Open,2020-09-30,Anisimova A.,Pera B.,1.53,2.51
French Open,2020-09-30,Bouchard E.,Gavrilova D.,1.49,2.64
French Open,2020-09-30,Siniakova K.,Pavlyuchenkova A.,2.18,1.69
French Open,2020-09-30,Swiatek I.,Hsieh S.W.,1.16,5.31
French Open,2020-09-30,Sakkari M.,Rakhimova K.,1.1,6.95
French Open,2020-09-30,Mertens E.,Kanepi K.,1.22,4.28
French Open,2020-09-30,Halep S.,Begu I.,1.07,8.83
French Open,2020-09-30,Garcia C.,Sasnovich A.,1.54,2.5
French Open,2020-09-30,Trevisan M.,Gauff C.,3.44,1.31
French Open,2020-10-01,Ostapenko J.,Pliskova Ka.,2.23,1.66
French Open,2020-10-01,Kvitova P.,Paolini J.,1.14,5.75
French Open,2020-10-01,Collins D.,Tauson C.,2.41,1.57
French Open,2020-10-01,Kenin S.,Bogdan A.,1.45,2.77
French Open,2020-10-01,Sabalenka A.,Kasatkina D.,1.63,2.28
French Open,2020-10-01,Fernandez L.A.,Hercog P.,2.41,1.57
French Open,2020-10-01,Badosa P.,Stephens S.,2.38,1.59
French Open,2020-10-01,Tig P.M.,Mchale C.,1.45,2.75
French Open,2020-10-01,Jabeur O.,Hibino N.,1.51,2.58
French Open,2020-10-01,Burel C.,Juvan K.,3.98,1.25
French Open,2020-10-01,Siegemund L.,Goerges J.,1.58,2.4
French Open,2020-10-01,Zhang S.,Cornet A.,2.56,1.52
French Open,2020-10-01,Bara I.,Van Uytvanck A.,1.79,2.04
French Open,2020-10-01,Martic P.,Kudermetova V.,1.37,3.14
French Open,2020-10-01,Muguruza G.,Pliskova Kr.,1.23,4.2
French Open,2020-10-01,Ferro F.,Rybakina E.,2.85,1.43
French Open,2020-10-02,Svitolina E.,Alexandrova E.,1.35,3.22
French Open,2020-10-02,Swiatek I.,Bouchard E.,1.5,2.62
French Open,2020-10-02,Podoroska N.,Schmiedlova A.,1.88,1.92
French Open,2020-10-02,Halep S.,Anisimova A.,1.22,4.34
French Open,2020-10-02,Garcia C.,Mertens E.,3.37,1.32
French Open,2020-10-02,Krejcikova B.,Pironkova T.,2.06,1.78
French Open,2020-10-02,Trevisan M.,Sakkari M.,3.48,1.31
French Open,2020-10-02,Bertens K.,Siniakova K.,2.71,1.47
French Open,2020-10-03,Zhang S.,Burel C.,1.54,2.49
French Open,2020-10-03,Jabeur O.,Sabalenka A.,2.49,1.54
French Open,2020-10-03,Kenin S.,Bara I.,1.45,2.79
French Open,2020-10-03,Ferro F.,Tig P.M.,1.43,2.85
French Open,2020-10-03,Siegemund L.,Martic P.,2.91,1.42
French Open,2020-10-03,Kvitova P.,Fernandez L.A.,1.26,3.91
French Open,2020-10-03,Badosa P.,Ostapenko J.,3.01,1.39
French Open,2020-10-03,Collins D.,Muguruza G.,4.13,1.24
French Open,2020-10-04,Swiatek I.,Halep S.,5.56,1.15
French Open,2020-10-04,Trevisan M.,Bertens K.,3.44,1.32
French Open,2020-10-04,Podoroska N.,Krejcikova B.,1.49,2.64
French Open,2020-10-04,Svitolina E.,Garcia C.,1.55,2.48
French Open,2020-10-05,Kvitova P.,Zhang S.,1.26,3.96
French Open,2020-10-05,Siegemund L.,Badosa P.,1.92,1.89
French Open,2020-10-05,Kenin S.,Ferro F.,1.82,2.02
French Open,2020-10-06,Collins D.,Jabeur O.,2.24,1.66
French Open,2020-10-06,Podoroska N.,Svitolina E.,3.7,1.28
French Open,2020-10-06,Swiatek I.,Trevisan M.,1.16,5.3
French Open,2020-10-07,Kvitova P.,Siegemund L.,1.28,3.77
French Open,2020-10-07,Kenin S.,Collins D.,1.58,2.41
French Open,2020-10-08,Swiatek I.,Podoroska N.,1.26,3.93
French Open,2020-10-08,Kenin S.,Kvitova P.,2.7,1.48
French Open,2020-10-10,Swiatek I.,Kenin S.,1.54,2.52
Ostrava Open,2020-10-19,Kontaveit A.,Alexandrova E.,1.68,2.18
Ostrava Open,2020-10-19,Sorribes Tormo S.,Linette M.,2.25,1.63
Ostrava Open,2020-10-19,Sakkari M.,Pliskova Kr.,1.49,2.61
Ostrava Open,2020-10-19,Krejcikova B.,Martincova T.,1.6,2.31
Ostrava Open,2020-10-20,Kudermetova V.,Vekic D.,1.83,1.96
Ostrava Open,2020-10-20,Kasatkina D.,Rybakina E.,2.72,1.45
Ostrava Open,2020-10-20,Brady J.,Yastremska D.,1.58,2.36
Ostrava Open,2020-10-20,Muchova K.,Zhang S.,1.34,3.22
Ostrava Open,2020-10-20,Gauff C.,Siniakova K.,1.3,3.46
Ostrava Open,2020-10-20,Jabeur O.,Strycova B.,1.51,2.55
Ostrava Open,2020-10-21,Mertens E.,Anisimova A.,1.47,2.7
Ostrava Open,2020-10-21,Ostapenko J.,Martic P.,2.08,1.74
Ostrava Open,2020-10-21,Azarenka V.,Krejcikova B.,1.3,3.49
Ostrava Open,2020-10-21,Sakkari M.,Svitolina E.,2.1,1.73
Ostrava Open,2020-10-21,Sorribes Tormo S.,Kontaveit A.,3.82,1.26
Ostrava Open,2020-10-22,Jabeur O.,Ostapenko J.,1.73,2.09
Ostrava Open,2020-10-22,Sabalenka A.,Gauff C.,1.8,1.99
Ostrava Open,2020-10-22,Mertens E.,Muchova K.,1.64,2.24
Ostrava Open,2020-10-22,Kudermetova V.,Pliskova Ka.,2.51,1.53
Ostrava Open,2020-10-22,Brady J.,Kasatkina D.,1.45,2.75
Ostrava Open,2020-10-23,Sakkari M.,Jabeur O.,1.94,1.87
Ostrava Open,2020-10-23,Azarenka V.,Mertens E.,1.69,2.17
Ostrava Open,2020-10-23,Brady J.,Kudermetova V.,1.49,2.62
Ostrava Open,2020-10-23,Sabalenka A.,Sorribes Tormo S.,1.34,3.24
Ostrava Open,2020-10-24,Azarenka V.,Sakkari M.,1.51,2.58
Ostrava Open,2020-10-24,Sabalenka A.,Brady J.,2.4,1.58
Ostrava Open,2020-10-25,Sabalenka A.,Azarenka V.,2.63,1.49
